Workbook

Sheet Raw Data
A1: Test ID | B1: Date Tested | C1: Symbol | D1: Category | E1: Timeframe | F1: Data Period | G1: Parameter Preset | H1: RSI Length | I1: RSI Oversold | J1: RSI Overbought | K1: MACD Fast | L1: MACD Slow | M1: MACD Signal | N1: Stochastic Length | O1: Min Confluence Score | P1: Min Bars Between Signals | Q1: Use Volatility Filter | R1: Use Trend Filter | S1: ATR Multiplier | T1: ADX Threshold | U1: Net Profit (%) | V1: Net Profit ($) | W1: Total Trades | X1: Winning Trades | Y1: Losing Trades | Z1: Win Rate (%) | AA1: Profit Factor | AB1: Max Drawdown (%) | AC1: Max Drawdown ($) | AD1: Sharpe Ratio | AE1: Average Trade (%) | AF1: Average Win (%) | AG1: Average Loss (%) | AH1: Largest Win (%) | AI1: Largest Loss (%) | AJ1: Average Trade Duration | AK1: Green Candle Trades | AL1: Red Candle Trades | AM1: Green Candle Win Rate (%) | AN1: Red Candle Win Rate (%) | AO1: Avg Confluence Score | AP1: Visual Quality (1-5) | AQ1: False Signals | AR1: Notes
A2: T001 | B2: 2026-02-01 | C2: BTCUSDT | D2: Large Cap | E2: 4h | F2: 1Y | G2: Default | H2: 14 | I2: 30 | J2: 65 | K2: 2 | L2: 30 | M2: 10 | N2: 14 | O2: 6 | P2: 10 | Q2: No | R2: No | S2: 1.5 | T2: 25 | U2: 45.5 | V2: 4550 | W2: 48 | X2: 28 | Y2: 20 | Z2: 58.33 | AB2: -12.5 | AC2: -568.75 | AD2: 1.85 | AE2: 0.95 | AF2: 2.15 | AG2: -1.35 | AH2: 5.8 | AI2: -3.2 | AJ2: 4h 15m | AK2: 28 | AL2: 20 | AO2: 6.2 | AP2: 4 | AQ2: Medium | AR2: Good performance on BTC, strong trend following
A3: T002 | B3: 2026-02-01 | C3: BTCUSDT | D3: Large Cap | E3: 1d | F3: 1Y | G3: Default | H3: 14 | I3: 30 | J3: 65 | K3: 2 | L3: 30 | M3: 10 | N3: 14 | O3: 6 | P3: 10 | Q3: No | R3: No | S3: 1.5 | T3: 25 | U3: 62.8 | V3: 6280 | W3: 35 | X3: 23 | Y3: 12 | Z3: 65.71 | AB3: -8.3 | AC3: -521.24 | AD3: 2.35 | AE3: 1.79 | AF3: 3.25 | AG3: -2.18 | AH3: 8.5 | AI3: -4.5 | AJ3: 2d 8h | AK3: 23 | AL3: 12 | AO3: 6.5 | AP3: 5 | AQ3: Low | AR3: Excellent on daily timeframe
A4: T003 | B4: 2026-02-01 | C4: ETHUSDT | D4: Large Cap | E4: 4h | F4: 1Y | G4: Default | H4: 14 | I4: 30 | J4: 65 | K4: 2 | L4: 30 | M4: 10 | N4: 14 | O4: 6 | P4: 10 | Q4: No | R4: No | S4: 1.5 | T4: 25 | U4: 38.2 | V4: 3820 | W4: 52 | X4: 29 | Y4: 23 | Z4: 55.77 | AB4: -15.2 | AC4: -580.64 | AD4: 1.68 | AE4: 0.73 | AF4: 2.05 | AG4: -1.52 | AH4: 6.2 | AI4: -3.8 | AJ4: 4h 30m | AK4: 30 | AL4: 22 | AO4: 5.9 | AP4: 4 | AQ4: Medium | AR4: Good ETH performance
A5: T004 | B5: 2026-02-01 | C5: BNBUSDT | D5: Exchange Tokens | E5: 1h | F5: 1Y | G5: Conservative | H5: 10 | I5: 25 | J5: 70 | K5: 5 | L5: 26 | M5: 9 | N5: 10 | O5: 8 | P5: 12 | Q5: Yes | R5: Yes | S5: 2 | T5: 30 | U5: 28.5 | V5: 2850 | W5: 32 | X5: 18 | Y5: 14 | Z5: 56.25 | AB5: -10.8 | AC5: -307.8 | AD5: 1.45 | AE5: 0.89 | AF5: 2.42 | AG5: -1.95 | AH5: 5.5 | AI5: -3.8 | AJ5: 1h 45m | AK5: 18 | AL5: 14 | AO5: 7.8 | AP5: 4 | AQ5: Low | AR5: Conservative approach reduces trades
A6: T005 | B6: 2026-02-02 | C6: SOLUSDT | D6: Layer 1 | E6: 4h | F6: 1Y | G6: Balanced | H6: 12 | I6: 28 | J6: 67 | K6: 3 | L6: 28 | M6: 10 | N6: 12 | O6: 6 | P6: 10 | Q6: No | R6: No | S6: 1.5 | T6: 25 | U6: 52.3 | V6: 5230 | W6: 45 | X6: 27 | Y6: 18 | Z6: 60 | AB6: -14.5 | AC6: -758.35 | AD6: 1.95 | AE6: 1.16 | AF6: 2.85 | AG6: -1.72 | AH6: 7.2 | AI6: -3.5 | AJ6: 5h 10m | AK6: 28 | AL6: 17 | AO6: 6.3 | AP6: 5 | AQ6: Medium | AR6: SOL shows strong momentum signals
A7: T006 | B7: 2026-02-02 | C7: ADAUSDT | D7: Layer 1 | E7: 1d | F7: 2Y | G7: Default | H7: 14 | I7: 30 | J7: 65 | K7: 2 | L7: 30 | M7: 10 | N7: 14 | O7: 6 | P7: 10 | Q7: No | R7: No | S7: 1.5 | T7: 25 | U7: 41.2 | V7: 4120 | W7: 38 | X7: 21 | Y7: 17 | Z7: 55.26 | AB7: -18.5 | AC7: -762.2 | AD7: 1.52 | AE7: 1.08 | AF7: 3.15 | AG7: -2.45 | AH7: 7.8 | AI7: -5.2 | AJ7: 2d 6h | AK7: 22 | AL7: 16 | AO7: 5.8 | AP7: 3 | AQ7: High | AR7: ADA has more false signals on 1d
A8: T007 | B8: 2026-02-02 | C8: UNIUSDT | D8: DeFi | E8: 4h | F8: 1Y | G8: Aggressive | H8: 10 | I8: 30 | J8: 65 | K8: 2 | L8: 30 | M8: 10 | N8: 14 | O8: 4 | P8: 8 | Q8: No | R8: No | S8: 1.5 | T8: 25 | U8: 48.5 | V8: 4850 | W8: 68 | X8: 38 | Y8: 30 | Z8: 55.88 | AB8: -22.3 | AC8: -1081.55 | AD8: 1.65 | AE8: 0.71 | AF8: 2.28 | AG8: -1.85 | AH8: 6.8 | AI8: -4.5 | AJ8: 3h 20m | AK8: 40 | AL8: 28 | AO8: 4.8 | AP8: 3 | AQ8: High | AR8: More trades but higher drawdown
A9: T008 | B9: 2026-02-02 | C9: LINKUSDT | D9: DeFi | E9: 1h | F9: 1Y | G9: Default | H9: 14 | I9: 30 | J9: 65 | K9: 2 | L9: 30 | M9: 10 | N9: 14 | O9: 6 | P9: 10 | Q9: No | R9: No | S9: 1.5 | T9: 25 | U9: 35.8 | V9: 3580 | W9: 58 | X9: 32 | Y9: 26 | Z9: 55.17 | AB9: -16.8 | AC9: -601.44 | AD9: 1.58 | AE9: 0.62 | AF9: 2.18 | AG9: -1.72 | AH9: 5.5 | AI9: -4.2 | AJ9: 1h 50m | AK9: 34 | AL9: 24 | AO9: 6.1 | AP9: 3 | AQ9: Medium | AR9: LINK decent on 1h
A10: T009 | B10: 2026-02-03 | C10: MATICUSDT | D10: Layer 2 | E10: 4h | F10: 1Y | G10: Default | H10: 14 | I10: 30 | J10: 65 | K10: 2 | L10: 30 | M10: 10 | N10: 14 | O10: 6 | P10: 10 | Q10: No | R10: No | S10: 1.5 | T10: 25 | U10: 44.2 | V10: 4420 | W10: 42 | X10: 24 | Y10: 18 | Z10: 57.14 | AB10: -13.2 | AC10: -583.44 | AD10: 1.75 | AE10: 1.05 | AF10: 2.65 | AG10: -1.82 | AH10: 6.5 | AI10: -3.8 | AJ10: 4h 40m | AK10: 25 | AL10: 17 | AO10: 6 | AP10: 4 | AQ10: Medium | AR10: MATIC Layer 2 performing well
A11: T010 | B11: 2026-02-03 | C11: DOGEUSDT | D11: Meme Coins | E11: 1d | F11: 1Y | G11: Conservative | H11: 10 | I11: 25 | J11: 70 | K11: 5 | L11: 26 | M11: 9 | N11: 10 | O11: 8 | P11: 12 | Q11: Yes | R11: Yes | S11: 2 | T11: 30 | U11: 32.5 | V11: 3250 | W11: 22 | X11: 12 | Y11: 10 | Z11: 54.55 | AB11: -11.5 | AC11: -373.75 | AD11: 1.42 | AE11: 1.48 | AF11: 3.85 | AG11: -3.12 | AH11: 8.2 | AI11: -6.5 | AJ11: 3d 2h | AK11: 13 | AL11: 9 | AO11: 7.5 | AP11: 3 | AQ11: High | AR11: DOGE volatile, conservative helps
AA12: =IF(AND(W12<>"", W12>0), X12/W12*100, "") | AB12: =IF(AND(X12>0, Y12>0, AC12<>"", AD12<>""), (X12*AC12)/(Y12*ABS(AD12)), "") | AL12: =IF(AJ12<>"", "", "") | AM12: =IF(AK12<>"", "", "")
AA13: =IF(AND(W13<>"", W13>0), X13/W13*100, "") | AB13: =IF(AND(X13>0, Y13>0, AC13<>"", AD13<>""), (X13*AC13)/(Y13*ABS(AD13)), "") | AL13: =IF(AJ13<>"", "", "") | AM13: =IF(AK13<>"", "", "")
AA14: =IF(AND(W14<>"", W14>0), X14/W14*100, "") | AB14: =IF(AND(X14>0, Y14>0, AC14<>"", AD14<>""), (X14*AC14)/(Y14*ABS(AD14)), "") | AL14: =IF(AJ14<>"", "", "") | AM14: =IF(AK14<>"", "", "")
AA15: =IF(AND(W15<>"", W15>0), X15/W15*100, "") | AB15: =IF(AND(X15>0, Y15>0, AC15<>"", AD15<>""), (X15*AC15)/(Y15*ABS(AD15)), "") | AL15: =IF(AJ15<>"", "", "") | AM15: =IF(AK15<>"", "", "")
AA16: =IF(AND(W16<>"", W16>0), X16/W16*100, "") | AB16: =IF(AND(X16>0, Y16>0, AC16<>"", AD16<>""), (X16*AC16)/(Y16*ABS(AD16)), "") | AL16: =IF(AJ16<>"", "", "") | AM16: =IF(AK16<>"", "", "")
AA17: =IF(AND(W17<>"", W17>0), X17/W17*100, "") | AB17: =IF(AND(X17>0, Y17>0, AC17<>"", AD17<>""), (X17*AC17)/(Y17*ABS(AD17)), "") | AL17: =IF(AJ17<>"", "", "") | AM17: =IF(AK17<>"", "", "")
AA18: =IF(AND(W18<>"", W18>0), X18/W18*100, "") | AB18: =IF(AND(X18>0, Y18>0, AC18<>"", AD18<>""), (X18*AC18)/(Y18*ABS(AD18)), "") | AL18: =IF(AJ18<>"", "", "") | AM18: =IF(AK18<>"", "", "")
AA19: =IF(AND(W19<>"", W19>0), X19/W19*100, "") | AB19: =IF(AND(X19>0, Y19>0, AC19<>"", AD19<>""), (X19*AC19)/(Y19*ABS(AD19)), "") | AL19: =IF(AJ19<>"", "", "") | AM19: =IF(AK19<>"", "", "")
AA20: =IF(AND(W20<>"", W20>0), X20/W20*100, "") | AB20: =IF(AND(X20>0, Y20>0, AC20<>"", AD20<>""), (X20*AC20)/(Y20*ABS(AD20)), "") | AL20: =IF(AJ20<>"", "", "") | AM20: =IF(AK20<>"", "", "")
AA21: =IF(AND(W21<>"", W21>0), X21/W21*100, "") | AB21: =IF(AND(X21>0, Y21>0, AC21<>"", AD21<>""), (X21*AC21)/(Y21*ABS(AD21)), "") | AL21: =IF(AJ21<>"", "", "") | AM21: =IF(AK21<>"", "", "")
AA22: =IF(AND(W22<>"", W22>0), X22/W22*100, "") | AB22: =IF(AND(X22>0, Y22>0, AC22<>"", AD22<>""), (X22*AC22)/(Y22*ABS(AD22)), "") | AL22: =IF(AJ22<>"", "", "") | AM22: =IF(AK22<>"", "", "")
AA23: =IF(AND(W23<>"", W23>0), X23/W23*100, "") | AB23: =IF(AND(X23>0, Y23>0, AC23<>"", AD23<>""), (X23*AC23)/(Y23*ABS(AD23)), "") | AL23: =IF(AJ23<>"", "", "") | AM23: =IF(AK23<>"", "", "")
... AA101: =IF(AND(W101<>"", W101>0), X101/W101*100, "") | AB101: =IF(AND(X101>0, Y101>0, AC101<>"", AD101<>""), (X101*AC101)/(Y101*ABS(AD101)), "") | AL101: =IF(AJ101<>"", "", "") | AM101: =IF(AK101<>"", "", "")

Sheet Summary by Category
A1: Category | B1: Avg Win Rate (%) | C1: Avg Profit Factor | D1: Avg Net Profit (%) | E1: Best Timeframe | F1: Count of Tests | G1: Top 3 Pairs
A2: Large Cap | B2: =AVERAGEIF('Raw Data'!$D:$D, A2, 'Raw Data'!$AA:$AA) | C2: =AVERAGEIF('Raw Data'!$D:$D, A2, 'Raw Data'!$AB:$AB) | D2: =AVERAGEIF('Raw Data'!$D:$D, A2, 'Raw Data'!$U:$U) | F2: =COUNTIF('Raw Data'!$D:$D, A2)
A3: DeFi | B3: =AVERAGEIF('Raw Data'!$D:$D, A3, 'Raw Data'!$AA:$AA) | C3: =AVERAGEIF('Raw Data'!$D:$D, A3, 'Raw Data'!$AB:$AB) | D3: =AVERAGEIF('Raw Data'!$D:$D, A3, 'Raw Data'!$U:$U) | F3: =COUNTIF('Raw Data'!$D:$D, A3)
A4: Layer 1 | B4: =AVERAGEIF('Raw Data'!$D:$D, A4, 'Raw Data'!$AA:$AA) | C4: =AVERAGEIF('Raw Data'!$D:$D, A4, 'Raw Data'!$AB:$AB) | D4: =AVERAGEIF('Raw Data'!$D:$D, A4, 'Raw Data'!$U:$U) | F4: =COUNTIF('Raw Data'!$D:$D, A4)
A5: Layer 2 | B5: =AVERAGEIF('Raw Data'!$D:$D, A5, 'Raw Data'!$AA:$AA) | C5: =AVERAGEIF('Raw Data'!$D:$D, A5, 'Raw Data'!$AB:$AB) | D5: =AVERAGEIF('Raw Data'!$D:$D, A5, 'Raw Data'!$U:$U) | F5: =COUNTIF('Raw Data'!$D:$D, A5)
A6: Meme Coins | B6: =AVERAGEIF('Raw Data'!$D:$D, A6, 'Raw Data'!$AA:$AA) | C6: =AVERAGEIF('Raw Data'!$D:$D, A6, 'Raw Data'!$AB:$AB) | D6: =AVERAGEIF('Raw Data'!$D:$D, A6, 'Raw Data'!$U:$U) | F6: =COUNTIF('Raw Data'!$D:$D, A6)
A7: Gaming/Metaverse | B7: =AVERAGEIF('Raw Data'!$D:$D, A7, 'Raw Data'!$AA:$AA) | C7: =AVERAGEIF('Raw Data'!$D:$D, A7, 'Raw Data'!$AB:$AB) | D7: =AVERAGEIF('Raw Data'!$D:$D, A7, 'Raw Data'!$U:$U) | F7: =COUNTIF('Raw Data'!$D:$D, A7)
A8: Exchange Tokens | B8: =AVERAGEIF('Raw Data'!$D:$D, A8, 'Raw Data'!$AA:$AA) | C8: =AVERAGEIF('Raw Data'!$D:$D, A8, 'Raw Data'!$AB:$AB) | D8: =AVERAGEIF('Raw Data'!$D:$D, A8, 'Raw Data'!$U:$U) | F8: =COUNTIF('Raw Data'!$D:$D, A8)

Sheet Summary by Timeframe
A1: Timeframe | B1: Avg Win Rate (%) | C1: Avg Profit Factor | D1: Avg Net Profit (%) | E1: Best Category | F1: Count of Tests | G1: Avg Trade Duration
A2: 1m | B2: =AVERAGEIF('Raw Data'!$E:$E, A2, 'Raw Data'!$AA:$AA) | C2: =AVERAGEIF('Raw Data'!$E:$E, A2, 'Raw Data'!$AB:$AB) | D2: =AVERAGEIF('Raw Data'!$E:$E, A2, 'Raw Data'!$U:$U) | F2: =COUNTIF('Raw Data'!$E:$E, A2)
A3: 5m | B3: =AVERAGEIF('Raw Data'!$E:$E, A3, 'Raw Data'!$AA:$AA) | C3: =AVERAGEIF('Raw Data'!$E:$E, A3, 'Raw Data'!$AB:$AB) | D3: =AVERAGEIF('Raw Data'!$E:$E, A3, 'Raw Data'!$U:$U) | F3: =COUNTIF('Raw Data'!$E:$E, A3)
A4: 15m | B4: =AVERAGEIF('Raw Data'!$E:$E, A4, 'Raw Data'!$AA:$AA) | C4: =AVERAGEIF('Raw Data'!$E:$E, A4, 'Raw Data'!$AB:$AB) | D4: =AVERAGEIF('Raw Data'!$E:$E, A4, 'Raw Data'!$U:$U) | F4: =COUNTIF('Raw Data'!$E:$E, A4)
A5: 30m | B5: =AVERAGEIF('Raw Data'!$E:$E, A5, 'Raw Data'!$AA:$AA) | C5: =AVERAGEIF('Raw Data'!$E:$E, A5, 'Raw Data'!$AB:$AB) | D5: =AVERAGEIF('Raw Data'!$E:$E, A5, 'Raw Data'!$U:$U) | F5: =COUNTIF('Raw Data'!$E:$E, A5)
A6: 1h | B6: =AVERAGEIF('Raw Data'!$E:$E, A6, 'Raw Data'!$AA:$AA) | C6: =AVERAGEIF('Raw Data'!$E:$E, A6, 'Raw Data'!$AB:$AB) | D6: =AVERAGEIF('Raw Data'!$E:$E, A6, 'Raw Data'!$U:$U) | F6: =COUNTIF('Raw Data'!$E:$E, A6)
A7: 4h | B7: =AVERAGEIF('Raw Data'!$E:$E, A7, 'Raw Data'!$AA:$AA) | C7: =AVERAGEIF('Raw Data'!$E:$E, A7, 'Raw Data'!$AB:$AB) | D7: =AVERAGEIF('Raw Data'!$E:$E, A7, 'Raw Data'!$U:$U) | F7: =COUNTIF('Raw Data'!$E:$E, A7)
A8: 1d | B8: =AVERAGEIF('Raw Data'!$E:$E, A8, 'Raw Data'!$AA:$AA) | C8: =AVERAGEIF('Raw Data'!$E:$E, A8, 'Raw Data'!$AB:$AB) | D8: =AVERAGEIF('Raw Data'!$E:$E, A8, 'Raw Data'!$U:$U) | F8: =COUNTIF('Raw Data'!$E:$E, A8)
A9: 1w | B9: =AVERAGEIF('Raw Data'!$E:$E, A9, 'Raw Data'!$AA:$AA) | C9: =AVERAGEIF('Raw Data'!$E:$E, A9, 'Raw Data'!$AB:$AB) | D9: =AVERAGEIF('Raw Data'!$E:$E, A9, 'Raw Data'!$U:$U) | F9: =COUNTIF('Raw Data'!$E:$E, A9)

Sheet Summary by Pair
A1: Symbol | B1: Best Win Rate (%) | C1: Best Profit Factor | D1: Best Timeframe | E1: Best Preset | F1: Count of Tests | G1: Avg Performance
A2: Unique symbols from Raw Data will appear here

Sheet Top Performers
A1: Top 20 by Win Rate
A2: Rank | B2: Symbol | C2: Timeframe | D2: Preset | E2: Win Rate (%) | F2: Profit Factor | G2: Net Profit (%) | H2: Max DD (%)
A25: Top 20 by Profit Factor
A26: Rank | B26: Symbol | C26: Timeframe | D26: Preset | E26: Win Rate (%) | F26: Profit Factor | G26: Net Profit (%) | H26: Max DD (%)
A49: Top 20 by Net Profit (%)
A50: Rank | B50: Symbol | C50: Timeframe | D50: Preset | E50: Win Rate (%) | F50: Profit Factor | G50: Net Profit (%) | H50: Max DD (%)

Sheet Parameter Analysis
A1: Parameter Analysis & Correlation
A3: Confluence Score Analysis
A4: Min Confluence Score | B4: Avg Win Rate (%) | C4: Avg Profit Factor | D4: Count of Tests
A5: 4 | B5: =AVERAGEIF('Raw Data'!$O:$O, A5, 'Raw Data'!$AA:$AA) | C5: =AVERAGEIF('Raw Data'!$O:$O, A5, 'Raw Data'!$AB:$AB) | D5: =COUNTIF('Raw Data'!$O:$O, A5)
A6: 5 | B6: =AVERAGEIF('Raw Data'!$O:$O, A6, 'Raw Data'!$AA:$AA) | C6: =AVERAGEIF('Raw Data'!$O:$O, A6, 'Raw Data'!$AB:$AB) | D6: =COUNTIF('Raw Data'!$O:$O, A6)
A7: 6 | B7: =AVERAGEIF('Raw Data'!$O:$O, A7, 'Raw Data'!$AA:$AA) | C7: =AVERAGEIF('Raw Data'!$O:$O, A7, 'Raw Data'!$AB:$AB) | D7: =COUNTIF('Raw Data'!$O:$O, A7)
A8: 7 | B8: =AVERAGEIF('Raw Data'!$O:$O, A8, 'Raw Data'!$AA:$AA) | C8: =AVERAGEIF('Raw Data'!$O:$O, A8, 'Raw Data'!$AB:$AB) | D8: =COUNTIF('Raw Data'!$O:$O, A8)
A9: 8 | B9: =AVERAGEIF('Raw Data'!$O:$O, A9, 'Raw Data'!$AA:$AA) | C9: =AVERAGEIF('Raw Data'!$O:$O, A9, 'Raw Data'!$AB:$AB) | D9: =COUNTIF('Raw Data'!$O:$O, A9)
A11: RSI Length Analysis
A12: RSI Length | B12: Avg Win Rate (%) | C12: Avg Profit Factor | D12: Count of Tests

Sheet Candle Analysis
A1: Green vs Red Candle Performance Analysis
A3: Overall Performance
A4: Candle Type | B4: Total Trades | C4: Avg Win Rate (%) | D4: Avg Profit Factor | E4: Notes
A5: Green Candles (Long) | B5: =SUM('Raw Data'!$AJ:$AJ) | C5: =AVERAGE('Raw Data'!$AL:$AL)
A6: Red Candles (Short) | B6: =SUM('Raw Data'!$AK:$AK) | C6: =AVERAGE('Raw Data'!$AM:$AM)
A9: Performance by Category
A10: Category | B10: Green Candle WR (%) | C10: Red Candle WR (%) | D10: Difference

Sheet Charts & Visualizations
A1: Charts & Visualizations
A3: 📊 Recommended Charts to Create:
A5: 1. Win Rate by Category (Bar Chart)
A6: - Data: Summary by Category sheet, columns A & B
A7: - Chart Type: Clustered Column
A9: 2. Profit Factor by Timeframe (Line Chart)
A10: - Data: Summary by Timeframe sheet, columns A & C
A11: - Chart Type: Line with Markers
A13: 3. Net Profit vs Max Drawdown (Scatter Plot)
A14: - Data: Raw Data sheet, columns U & Z
A15: - Chart Type: Scatter
A16: - Color by: Category (column D)
... A32: using Insert > Chart and selecting the recommended data ranges.
